PCA Source,Accuracy,F1 Score,Recall,Precision
pca_backward.csv,0.8166666666666667,0.7755102040816326,0.6785714285714286,0.9047619047619048
pca_chi2.csv,0.8166666666666667,0.7843137254901961,0.7142857142857143,0.8695652173913043
pca_forward.csv,0.7833333333333333,0.7450980392156863,0.6785714285714286,0.8260869565217391
pca_info_gain.csv,0.7666666666666667,0.6956521739130435,0.5714285714285714,0.8888888888888888
pca_rfe.csv,0.8333333333333334,0.8148148148148148,0.7857142857142857,0.8461538461538461
